CustomerID,CustomerName,Email,PhoneNumber,Address,City,State,ZipCode,JoinDate
1,John Doe,johndoe@example.com,555-1234,123 Elm St,Springfield,IL,62704,2022-01-10
2,Jane Smith,janesmith@example.com,555-5678,456 Oak St,Dover,DE,19901,2022-02-15
3,Bob Johnson,bobjohnson@example.com,555-9101,789 Pine St,Columbus,OH,43215,2022-03-20
4,Mary Brown,marybrown@example.com,555-1122,101 Maple St,Austin,TX,78701,2022-04-25
5,David Lee,davidlee@example.com,555-3141,202 Birch St,Orlando,FL,32801,2022-05-05
6,Susan Wang,susanwang@example.com,555-5161,303 Cedar St,Seattle,WA,98101,2022-06-10
7,Michael Chen,michaelchen@example.com,555-7182,404 Walnut St,San Francisco,CA,94101,2022-07-15
8,Emily Wilson,emilywilson@example.com,555-9202,505 Cherry St,Boston,MA,02108,2022-08-20
9,Chris Miller,chrismiller@example.com,555-1223,606 Spruce St,Chicago,IL,60601,2022-09-01
10,Sarah Brown,sarahbrown@example.com,555-3244,707 Elm St,Denver,CO,80202,2022-10-05
11,James Kim,jameskim@example.com,555-5265,808 Ash St,New York,NY,10001,2022-11-10
12,Lisa Davis,lisadavis@example.com,555-7286,909 Hickory St,Los Angeles,CA,90001,2022-12-15
13,Alex Johnson,alexjohnson@example.com,555-9307,1000 Palm St,Miami,FL,33101,2023-01-05
14,Linda Martinez,lindamartinez@example.com,555-1328,1101 Sycamore St,Las Vegas,NV,89101,2023-02-10
15,Robert Thompson,robertthompson@example.com,555-3349,1202 Maple Ave,San Diego,CA,92101,2023-03-20
16,Karen Lee,karenlee@example.com,555-5360,1303 Pine Ave,Portland,OR,97201,2023-04-25
17,William Clark,williamclark@example.com,555-7381,1404 Birch Ave,Atlanta,GA,30301,2023-05-30
18,Nancy Hall,nancyhall@example.com,555-9402,1505 Cedar Ave,Charlotte,NC,28202,2023-06-05
19,Richard Allen,richardallen@example.com,555-1423,1606 Walnut Ave,Dallas,TX,75201,2023-07-10
20,Anna Scott,annascott@example.com,555-3444,1707 Cherry Ave,Philadelphia,PA,19102,2023-08-15
