CustomerID,CustomerName,ProductID,ProductName,Category,Price,Quantity,TransactionDate
1,John Doe,101,Laptop,Electronics,850,2,2023-07-01
2,Jane Smith,102,Smartphone,Electronics,650,3,2023-07-02
3,Bob Johnson,103,Shirt,Clothing,35,5,2023-07-03
4,Mary Brown,104,Refrigerator,Appliances,1200,1,2023-07-04
5,David Lee,105,Headphones,Electronics,80,4,2023-07-05
6,Susan Wang,106,Television,Electronics,900,2,2023-07-06
7,Michael Chen,107,Jeans,Clothing,40,3,2023-07-07
8,Emily Wilson,108,Tablet,Electronics,300,1,2023-07-08
9,Chris Miller,109,Watch,Accessories,50,2,2023-07-09
10,Sarah Brown,110,Microwave,Appliances,150,2,2023-07-10
11,James Kim,111,Blouse,Clothing,25,4,2023-07-11
12,Lisa Davis,112,Printer,Electronics,150,1,2023-07-12
13,Alex Johnson,113,Sneakers,Shoes,60,2,2023-07-13
14,Linda Martinez,114,Camera,Electronics,300,1,2023-07-14
15,Robert Thompson,115,Shorts,Clothing,20,3,2023-07-15
16,Karen Lee,116,Refrigerator,Appliances,1200,1,2023-07-16
17,William Clark,117,Headphones,Electronics,80,2,2023-07-17
18,Nancy Hall,118,Skirt,Clothing,30,2,2023-07-18
19,Richard Allen,119,Smartphone,Electronics,650,1,2023-07-19
20,Anna Scott,120,Watch,Accessories,50,3,2023-07-20
